{
    "accuracy": 0.648,
    "precision": 0.6851851851851852,
    "recall": 0.578125,
    "auc": 0.7177254098360657
}